,id,symbol,name,image,current_price,market_cap,market_cap_rank,fully_diluted_valuation,total_volume,high_24h,low_24h,price_change_24h,price_change_percentage_24h,market_cap_change_24h,market_cap_change_percentage_24h,circulating_supply,total_supply,max_supply,ath,ath_change_percentage,ath_date,atl,atl_change_percentage,atl_date,last_updated,price_change_percentage_1y_in_currency
0,bitcoin,btc,Bitcoin,https://assets.coingecko.com/coins/images/1/large/bitcoin.png?1547033579,32797.0,613445605654,1,687370246260.0,34555888553,34877.0,32318.0,-1068.551935604126,-3.15532,-21029528977.496704,-3.31448,18741512.0,21000000.0,21000000.0,64805.0,-49.56718,2021-04-14T11:54:46.763Z,67.81,48098.39236,2013-07-06T00:00:00.000Z,2021-06-24T03:32:13.383Z,240.75472357312074
1,ethereum,eth,Ethereum,https://assets.coingecko.com/coins/images/279/large/ethereum.png?1595348880,1913.88,222390190706,2,,23908726300,2043.52,1888.62,-91.866953047667,-4.58018,-11284051663.66977,-4.82897,116416572.5615,,,4356.99,-56.2354,2021-05-12T14:41:48.623Z,0.432979,440295.54264,2015-10-20T00:00:00.000Z,2021-06-24T03:32:18.562Z,687.3491742247347
2,tether,usdt,Tether,https://assets.coingecko.com/coins/images/325/large/Tether-logo.png?1598003707,1.0,63022120901,3,,68324287457,1.01,0.9930249999999999,0.005322599999999999,0.5334500000000001,-40891509.4185791,-0.06484000000000001,62827351263.9729,62827351263.9729,,1.32,-24.18535,2018-07-24T00:00:00.000Z,0.572521,75.20756,2015-03-02T00:00:00.000Z,2021-06-24T03:05:22.478Z,0.33904933632827905
3,binancecoin,bnb,Binance Coin,https://assets.coingecko.com/coins/images/825/large/binance-coin-logo.png?1547034615,287.22,44366122128,4,48959671463.0,2475300335,308.03,282.46,0.138982,0.04841,1915602.0,0.00432,154533651.9,170533651.9,170533651.9,686.31,-58.36577,2021-05-10T07:24:17.097Z,0.0398177,717516.76117,2017-10-19T00:00:00.000Z,2021-06-24T03:32:06.794Z,1653.8944036127884
4,cardano,ada,Cardano,https://assets.coingecko.com/coins/images/975/large/cardano.png?1547034860,1.26,40457686977,5,56775829022.0,5261050655,1.3,1.21,0.02468269,1.9953600000000002,843540637.0,2.12939,32066390668.4135,45000000000.0,45000000000.0,2.45,-48.81758,2021-05-16T07:44:28.033Z,0.01925275,6401.17847,2020-03-13T02:22:55.044Z,2021-06-24T03:31:57.382Z,1424.4200846173414
5,dogecoin,doge,Dogecoin,https://assets.coingecko.com/coins/images/5/large/dogecoin.png?1547792256,0.22872099999999998,29689104711,6,,5867219750,0.245714,0.20804599999999998,0.01751071,8.29067,2252938404.0,8.21156,130149856192.203,,,0.731578,-68.76774,2021-05-08T05:08:23.458Z,8.69e-05,262821.13466,2015-05-06T00:00:00.000Z,2021-06-24T03:32:08.429Z,9141.685155758263
6,ripple,xrp,XRP,https://assets.coingecko.com/coins/images/44/large/xrp-symbol-white-128.png?1605778731,0.628993,28997818025,7,,3636634276,0.664608,0.603815,0.02473413,4.0933,1019689526.0,3.6446,46244517593.0,100000000000.0,,3.4,-81.59383,2018-01-07T00:00:00.000Z,0.00268621,23186.53878,2014-05-22T00:00:00.000Z,2021-06-24T03:32:03.532Z,234.0512405062629
7,usd-coin,usdc,USD Coin,https://assets.coingecko.com/coins/images/6319/large/USD_Coin_icon.png?1547042389,1.0,25454563123,8,,2530699812,1.01,0.990459,0.00228205,0.22788000000000003,269577155.0,1.07039,25435840136.8797,25443147402.2497,,1.17,-14.66437,2019-05-08T00:40:28.300Z,0.891848,12.20927,2021-05-19T13:14:05.611Z,2021-06-24T03:32:24.585Z,0.29332461504588403
8,polkadot,dot,Polkadot,https://assets.coingecko.com/coins/images/12171/large/aJGBjJFU_400x400.jpg?1597804776,15.18,15161045162,9,,1043581600,16.83,14.72,-1.027770108233,-6.34271,-1137710670.623888,-6.98035,1004313176.69447,1085261458.99997,,49.35,-69.37697,2021-05-15T03:59:58.961Z,2.7,460.23744,2020-08-20T05:48:11.359Z,2021-06-24T03:31:58.720Z,
9,binance-usd,busd,Binance USD,https://assets.coingecko.com/coins/images/9576/large/BUSD.png?1568947766,1.0,9697280922,10,,4768441177,1.01,0.990456,-0.000272000138,-0.02714,-145561179.9618702,-1.47885,9685846368.16,9685846368.16,,1.15,-13.32265,2020-03-13T02:35:42.953Z,0.901127,11.02022,2021-05-19T13:04:37.445Z,2021-06-24T03:32:10.445Z,0.09728331820867
10,uniswap,uni,Uniswap,https://assets.coingecko.com/coins/images/12504/large/uniswap-uni.png?1600306604,16.9,8731977340,11,16796870718.0,300143237,18.55,16.69,-1.184340652526,-6.54911,-661513365.1709766,-7.04225,519857388.1320768,1000000000.0,1000000000.0,44.92,-62.57759,2021-05-03T05:25:04.822Z,1.03,1531.71181,2020-09-17T01:20:38.214Z,2021-06-24T03:32:25.643Z,
11,bitcoin-cash,bch,Bitcoin Cash,https://assets.coingecko.com/coins/images/780/large/bitcoin-cash-circle.png?1594689492,467.27,8663498606,12,,3480524279,486.22,455.7,-3.032249262659,-0.64475,-164331632.44457817,-1.86152,18771562.3967894,21000000.0,,3785.82,-87.84556,2017-12-20T00:00:00.000Z,76.93,498.09762,2018-12-16T00:00:00.000Z,2021-06-24T03:31:51.422Z,94.41296773986252
12,litecoin,ltc,Litecoin,https://assets.coingecko.com/coins/images/2/large/litecoin.png?1547033580,125.63,8369723226,13,,3039760497,133.92,123.26,-3.001268406626,-2.33325,-219273479.4290018,-2.55296,66752414.5153875,84000000.0,,410.26,-69.52874,2021-05-10T03:13:07.904Z,1.15,10781.50382,2015-01-14T00:00:00.000Z,2021-06-24T03:31:57.270Z,184.6250525558272
13,solana,sol,Solana,https://assets.coingecko.com/coins/images/4128/large/coinmarketcap-solana-200.png?1616489452,29.21,7894600879,14,14149003685.0,998361790,32.66,28.58,-0.649847202532,-2.17638,-243626387.20129776,-2.9936100000000003,272637122.50492,488630611.0,488630611.0,58.03,-50.05705,2021-05-18T16:59:08.690Z,0.5008009999999999,5687.48508,2020-05-11T19:35:23.449Z,2021-06-24T03:31:14.066Z,4032.9989685280752
14,chainlink,link,Chainlink,https://assets.coingecko.com/coins/images/877/large/chainlink-new-logo.png?1547034700,17.73,7677200402,15,17689012448.0,1068731106,19.18,17.34,-0.651222858597,-3.54338,-260434885.10534763,-3.28101,434009553.9174637,1000000000.0,1000000000.0,52.7,-66.61673,2021-05-10T00:13:57.214Z,0.14818299999999998,11771.68803,2017-11-29T00:00:00.000Z,2021-06-24T03:32:05.236Z,269.6375594962813
15,matic-network,matic,Polygon,https://assets.coingecko.com/coins/images/4713/large/matic-token-icon.png?1624446912,1.16,7278576310,16,11565370849.0,1409100090,1.25,1.12,-0.012479757054,-1.06077,-137015954.15814686,-1.84767,6293422325.0,10000000000.0,10000000000.0,2.62,-55.864580000000004,2021-05-18T19:38:18.813Z,0.0031437600000000002,36688.3041,2019-05-10T00:00:00.000Z,2021-06-24T03:31:53.392Z,5042.954839633945
16,theta-token,theta,Theta Network,https://assets.coingecko.com/coins/images/2538/large/theta-token-logo.png?1548387191,6.8100000000000005,6712231168,17,,422023724,7.53,6.55,-0.197688896479,-2.82119,-306887736.26492405,-4.37217,1000000000.0,1000000000.0,,15.72,-57.30056,2021-04-16T13:15:11.190Z,0.04039979,16514.51806,2020-03-13T02:24:16.483Z,2021-06-24T03:31:17.998Z,2556.693332985057
17,wrapped-bitcoin,wbtc,Wrapped Bitcoin,https://assets.coingecko.com/coins/images/7598/large/wrapped_bitcoin_wbtc.png?1548822744,32788.0,6237462841,18,6237462841.0,436284540,34693.0,32498.0,-921.546870646402,-2.73381,-209685356.9819317,-3.25237,190924.79480179,190924.79480179,190924.79480179,64565.0,-49.40042,2021-04-14T12:00:05.340Z,3139.17,940.7115,2019-04-02T00:00:00.000Z,2021-06-24T03:32:01.448Z,240.82114129357802
18,stellar,xlm,Stellar,https://assets.coingecko.com/coins/images/100/large/Stellar_symbol_black_RGB.png?1552356157,0.248575,5767309135,19,,506055764,0.26941899999999996,0.24321399999999999,-0.009601958288,-3.7191400000000003,-227140523.96880436,-3.78918,23189089180.4501,50000000000.0,,0.875563,-71.72349,2018-01-03T00:00:00.000Z,0.00047612,51898.83483,2015-03-05T00:00:00.000Z,2021-06-24T03:31:56.696Z,250.2837089756294
19,ethereum-classic,etc,Ethereum Classic,https://assets.coingecko.com/coins/images/453/large/ethereum-classic-logo.png?1547034169,40.29,5077515673,20,,3250142796,42.65,38.74,1.3,3.3294,75148818.0,1.50227,128080954.100505,210700000.0,,167.09,-76.33906,2021-05-06T18:34:22.133Z,0.615038,6327.89109,2016-07-25T00:00:00.000Z,2021-06-24T03:31:53.838Z,532.5115177256299
20,dai,dai,Dai,https://assets.coingecko.com/coins/images/9956/large/dai-multi-collateral-mcd.png?1574218774,1.0,4895880847,21,4895880847.0,378069657,1.01,0.9959429999999999,0.00271151,0.27129000000000003,68486497.0,1.41871,4885216368.87884,4885216368.87884,4885216368.87884,1.22,-17.78177,2020-03-13T03:02:50.373Z,0.9032429999999999,10.95385,2019-11-25T00:04:18.137Z,2021-06-24T03:05:21.058Z,-0.419738878518421
21,vechain,vet,VeChain,https://assets.coingecko.com/coins/images/1167/large/VeChain-Logo-768x725.png?1547035194,0.074946,4889584944,23,,1010327917,0.083976,0.071769,-0.0046614117499999995,-5.85553,-308332222.97571754,-5.93184,65241752869.0,86712634466.0,,0.280991,-73.50145,2021-04-19T01:08:21.675Z,0.00191713,3783.84889,2020-03-13T02:29:59.652Z,2021-06-24T03:31:57.964Z,741.6030670042121
22,internet-computer,icp,Internet Computer,https://assets.coingecko.com/coins/images/14495/large/Internet_Computer_logo.png?1620703073,36.59,4886683727,22,17001307224.0,244818897,40.76,34.94,-2.249260096275,-5.79162,-380446474.1327801,-7.22303,134866041.24,469213710.0,469213710.0,700.65,-94.82913,2021-05-10T16:05:53.653Z,32.29,12.19976,2021-06-22T13:54:50.256Z,2021-06-24T03:31:34.926Z,
23,tron,trx,TRON,https://assets.coingecko.com/coins/images/1094/large/tron-logo.png?1547035066,0.06402000000000001,4587697392,24,,2125205677,0.064266,0.053467,0.0090943,16.55742,663648222.0,16.91233,71660220128.0,100850743812.0,,0.231673,-72.40823,2018-01-05T00:00:00.000Z,0.00180434,3442.71078,2017-11-12T00:00:00.000Z,2021-06-24T03:31:58.827Z,288.79865744490803
24,filecoin,fil,Filecoin,https://assets.coingecko.com/coins/images/12817/large/filecoin.png?1602753933,55.75,4518739766,25,109505430576.0,888174929,58.77,52.56,0.608665,1.10385,95006436.0,2.14765,81424099.0,1973200822.0,1973200822.0,236.84,-76.54048,2021-04-01T13:29:41.564Z,20.06,176.98261,2020-12-29T22:32:28.483Z,2021-06-24T03:31:48.139Z,
25,monero,xmr,Monero,https://assets.coingecko.com/coins/images/69/large/monero_logo.png?1547033729,207.77,3719366714,26,,202784072,224.0,204.54,-7.936725852038,-3.67938,-150339753.10102463,-3.88504,17938321.8110535,,,542.33,-61.86139,2018-01-09T00:00:00.000Z,0.21617699999999998,95578.86925,2015-01-14T00:00:00.000Z,2021-06-24T03:31:56.492Z,211.01777038058322
26,eos,eos,EOS,https://assets.coingecko.com/coins/images/738/large/eos-eos-logo.png?1547034481,3.59,3439897404,27,,1433426191,3.81,3.54,-0.065231807387,-1.7830400000000002,-70036874.44288349,-1.99539,959465796.7836,,,22.71,-84.24838,2018-04-29T07:50:33.540Z,0.5024000000000001,612.06087,2017-10-23T00:00:00.000Z,2021-06-24T03:31:34.697Z,39.923387463353
27,shiba-inu,shib,Shiba Inu,https://assets.coingecko.com/coins/images/11939/large/shiba.png?1622619446,6.73e-06,3337883433,28,,411945767,7.07e-06,6.549999999999999e-06,2.8074e-08,0.41869,3402532.0,0.10204,497730966630395.75,1000000000000000.0,,3.791e-05,-82.29095,2021-05-10T22:53:42.945Z,5.5999999999999994e-11,11911019.68622,2020-11-28T11:26:25.838Z,2021-06-24T03:32:14.388Z,
28,amp-token,amp,Amp,https://assets.coingecko.com/coins/images/12409/large/amp-200x200.png?1599625397,0.061595,2955067515,29,,57621216,0.066291,0.059267999999999994,-0.001898526149,-2.99012,-170596772.8892293,-5.45794,48013899385.3734,99224051865.3734,,0.12081299999999999,-49.00071,2021-06-16T16:03:41.147Z,0.0025050100000000002,2359.61156,2020-11-04T13:18:12.191Z,2021-06-24T03:31:52.595Z,
29,compound-usd-coin,cusdc,cUSDC,https://assets.coingecko.com/coins/images/9442/large/Compound_USDC.png?1567581577,0.022125620000000002,2923630150,30,,49265227,0.0223393,0.02168647,0.00011105,0.5044500000000001,59377370.0,2.07305,132137749821.324,132137749821.324,,0.058843,-62.39915,2020-10-21T11:24:27.820Z,0.00620705,256.45932,2021-03-04T08:11:37.438Z,2021-06-24T02:57:23.417Z,5.072413028857889
30,cdai,cdai,cDAI,https://assets.coingecko.com/coins/images/9281/large/cDAI.png?1576467585,0.02155963,2807616146,31,,18399445,0.021771930000000002,0.02139004,9.867000000000002e-05,0.45977,-16132520.000303268,-0.57132,130225625667.705,130225625667.705,,0.03159087,-31.7536,2020-10-12T21:29:00.007Z,0.0072885400000000005,195.8016,2020-03-18T04:29:40.819Z,2021-06-24T02:57:31.201Z,4.599009383157625
31,okb,okb,OKB,https://assets.coingecko.com/coins/images/4463/large/okb_token.png?1548386209,9.46,2520425050,32,,355912366,10.35,9.34,-0.417576182799,-4.2292,-131031731.24549198,-4.94188,267436117.72,300000000.0,,44.01,-78.58349,2021-05-03T01:03:16.108Z,0.580608,1523.19507,2019-01-14T00:00:00.000Z,2021-06-24T03:31:53.665Z,85.05998728116725
32,aave,aave,Aave,https://assets.coingecko.com/coins/images/12645/large/AAVE.png?1601374110,197.28,2507504854,33,3133929819.0,327496307,229.06,193.07,-20.483917140836,-9.40659,-280248316.04596996,-10.05284,12801843.047238065,16000000.0,16000000.0,661.69,-70.37398,2021-05-18T21:19:59.514Z,26.02,653.30037,2020-11-05T09:20:11.928Z,2021-06-24T03:31:51.756Z,
33,algorand,algo,Algorand,https://assets.coingecko.com/coins/images/4380/large/download.png?1547039725,0.809283,2485858307,34,8043353493.0,294624813,0.876056,0.793956,0.0028677999999999998,0.35562000000000005,2046111.0,0.08238000000000001,3090574483.96367,10000000000.0,10000000000.0,3.56,-77.41363,2019-06-20T14:51:19.480Z,0.105336,663.59374,2020-03-13T02:20:48.438Z,2021-06-24T03:31:27.897Z,225.8754165656872
34,theta-fuel,tfuel,Theta Fuel,https://assets.coingecko.com/coins/images/8029/large/1_0YusgngOrriVg4ZYx4wOFQ.png?1553483622,0.459011,2438757994,35,,345768426,0.49180599999999997,0.443799,-0.003682437505,-0.7958700000000001,-11427845.043896675,-0.46641000000000005,5301219200.0,5301200000.0,,0.68159,-32.46386,2021-06-09T06:50:55.818Z,0.00090804,50593.81243,2020-03-13T02:30:37.972Z,2021-06-24T03:30:40.112Z,4581.568545992671
35,pancakeswap-token,cake,PancakeSwap,https://assets.coingecko.com/coins/images/12632/large/IMG_0440.PNG?1602654093,13.11,2419894243,36,,247815350,14.11,12.84,-0.116230379915,-0.87899,-20823013.648775578,-0.8531500000000001,185579659.540341,,,43.96,-70.31116,2021-04-30T10:08:22.934Z,0.194441,6612.89054,2020-11-03T14:29:34.165Z,2021-06-24T03:32:04.310Z,
36,crypto-com-chain,cro,Crypto.com Coin,https://assets.coingecko.com/coins/images/7310/large/cypto.png?1547043960,0.094918,2388559982,37,,50287494,0.09696,0.091377,0.00297063,3.23079,60517340.0,2.5994900000000003,25263013692.0,30263013692.0,,0.27702000000000004,-65.86972,2021-02-22T11:33:57.751Z,0.0121196,680.12253,2019-02-08T00:00:00.000Z,2021-06-24T03:31:55.587Z,-23.805367241174093
37,celsius-degree-token,cel,Celsius Network,https://assets.coingecko.com/coins/images/3263/large/CEL_logo.png?1609598753,5.63,2372372073,38,,15651271,5.8100000000000005,5.57,-0.103916187726,-1.8132100000000002,-44612878.94962883,-1.8458100000000002,423415980.3475,695658160.9671,,8.05,-30.37239,2021-06-04T00:04:12.584Z,0.02620268,21283.05994,2018-12-07T00:00:00.000Z,2021-06-24T03:32:09.544Z,1798.7903681810863
38,bitcoin-cash-sv,bsv,Bitcoin SV,https://assets.coingecko.com/coins/images/6799/large/BSV.png?1558947902,128.26,2359780286,39,,540308223,130.16,122.99,3.47,2.78377,27585558.0,1.18282,18768582.894239,21000000.0,,489.75,-74.32757,2021-04-16T17:09:04.630Z,42.02,199.23612,2018-11-23T00:00:00.000Z,2021-06-24T03:31:51.227Z,-27.899278068135324
39,leo-token,leo,LEO Token,https://assets.coingecko.com/coins/images/8418/large/leo-token.png?1558326215,2.41,2294607452,40,,3585166,2.76,2.39,-0.280202448492,-10.39764,-228733015.97338676,-9.06469,950767232.9,985239504.0,,3.95,-38.82511,2021-05-14T13:54:31.192Z,0.799859,201.73151000000001,2019-12-24T15:14:35.376Z,2021-06-24T03:31:05.922Z,107.92571634278183
40,neo,neo,NEO,https://assets.coingecko.com/coins/images/480/large/NEO_512_512.png?1594357361,32.21,2264186383,41,,377126525,34.96,31.35,-1.419179808757,-4.22064,-107194174.09542704,-4.52033,70530000.0,100000000.0,,198.38,-83.89598,2018-01-15T00:00:00.000Z,0.078349,40675.51063,2016-10-21T00:00:00.000Z,2021-06-24T03:31:52.856Z,195.3137592975668
41,klay-token,klay,Klaytn,https://assets.coingecko.com/coins/images/9672/large/CjbT82vP_400x400.jpg?1570548320,0.906748,2240037900,42,,120664063,0.921836,0.834634,0.068109,8.12139,164516737.0,7.92653,2476546028.8,,,4.34,-79.15373,2021-03-30T03:44:28.828Z,0.06044000000000001,1396.53817,2020-04-29T08:19:34.574Z,2021-06-24T03:31:32.608Z,431.8302901713589
42,compound-ether,ceth,cETH,https://assets.coingecko.com/coins/images/10643/large/ceth2.JPG?1581389598,38.06,2213596783,43,,628424,40.76,37.95,-2.105570284029,-5.242,-123268592.15158224,-5.2749500000000005,58158114.5661582,58158114.5661582,,87.15,-56.32414,2021-05-12T14:49:23.076Z,1.8900000000000001,1917.80948,2020-03-13T02:22:33.711Z,2021-06-24T03:13:57.968Z,682.752059473766
43,ftx-token,ftt,FTX Token,https://assets.coingecko.com/coins/images/9026/large/F.png?1609051564,25.49,2204011077,44,8560345884.0,44120648,27.56,25.06,-1.022082490563,-3.8552,-100503419.60836601,-4.36115,86988087.39911324,337860423.466341,337860423.466341,63.12,-59.85729,2021-05-12T03:59:29.290Z,1.15,2103.75443,2019-09-06T00:00:00.000Z,2021-06-24T03:32:07.438Z,738.7343408521447
44,tezos,xtz,Tezos,https://assets.coingecko.com/coins/images/976/large/Tezos-logo.png?1547034862,2.64,2203324741,45,,120285655,2.7800000000000002,2.58,0.04767506,1.84226,40133216.0,1.85528,836005971.508229,,,8.27,-68.47667,2021-05-07T02:09:26.683Z,0.350476,643.50282,2018-12-07T00:00:00.000Z,2021-06-24T03:31:44.369Z,-5.239096347398209
45,cosmos,atom,Cosmos,https://assets.coingecko.com/coins/images/1481/large/cosmos_hub.png?1555657960,9.26,2174868567,46,,451284446,10.52,9.06,-0.46306362125399997,-4.76362,-142819809.60784578,-6.16217,238526146.88641,,,31.7,-71.24116,2021-05-07T16:18:33.469Z,1.16,685.91796,2020-03-13T02:27:44.591Z,2021-06-24T03:31:59.551Z,234.98660896330068
46,terra-luna,luna,Terra,https://assets.coingecko.com/coins/images/8284/large/luna1557227471663.png?1567147072,5.19,2125918632,47,,174120494,5.64,4.99,-0.443184764807,-7.86094,-225386955.4583416,-9.58561,417440108.43255,995276066.582003,,22.36,-77.01238,2021-03-21T11:59:15.174Z,0.12179799999999999,4119.56218,2020-03-18T17:03:01.083Z,2021-06-24T03:31:25.238Z,2370.7680585584444
47,iota,miota,IOTA,https://assets.coingecko.com/coins/images/692/large/IOTA_Swirl.png?1604238557,0.7564639999999999,2102627664,48,,61296379,0.8313159999999999,0.74599,-0.007767744268,-1.01641,-21577722.02045679,-1.0158,2779530283.277761,2779530283.0,,5.25,-85.69613,2017-12-19T00:00:00.000Z,0.081637,819.65076,2020-03-13T02:22:41.168Z,2021-06-24T03:31:55.273Z,231.17314686130226
48,terrausd,ust,TerraUSD,https://assets.coingecko.com/coins/images/12681/large/UST.png?1601612407,1.0,1912602703,49,,62205616,1.01,0.993,0.00075413,0.0752,722673.0,0.0378,1907590013.06711,1907624328.09705,,1.09,-8.17644,2021-01-11T22:30:57.984Z,0.857992,16.85748,2021-05-19T13:14:26.898Z,2021-06-24T03:32:08.681Z,
49,avalanche-2,AVAX,Avalanche,https://assets.coingecko.com/coins/images/12559/large/coin-round-red.png?1604021818,11.04,1892674645,50,7903608952.0,72696946,11.79,10.83,-0.439992475132,-3.83354,-85812508.79594874,-4.33728,172418164.000451,377752194.4695483,720000000.0,59.4,-81.52116,2021-02-10T22:23:34.616Z,2.8,291.88931,2020-12-31T13:15:21.540Z,2021-06-24T03:31:37.941Z,
50,maker,mkr,Maker,https://assets.coingecko.com/coins/images/1364/large/Mark_Maker.png?1585191826,2115.96,1892347955,51,2111259810.0,130634434,2469.85,2093.83,-311.363518559578,-12.82743,-295048402.12294006,-13.48857,901310.9472893132,991423.403674967,1005577.0,6292.31,-66.63575,2021-05-03T21:54:29.333Z,168.36,1146.97918,2020-03-16T20:52:36.527Z,2021-06-24T03:31:58.995Z,321.0492793924731
51,safemoon,safemoon,SafeMoon,https://assets.coingecko.com/coins/images/14362/large/174x174-white.png?1617174846,3.07e-06,1779196647,52,,11905764,3.3199999999999996e-06,3.0399999999999997e-06,-6.4629e-08,-2.06029,7299508.0,0.41196000000000005,580956942054883.5,1000000000000000.0,,1.0940000000000002e-05,-72.01503,2021-05-11T20:32:53.513Z,4.436e-08,6803.87131,2021-03-14T19:51:56.741Z,2021-06-24T03:31:21.481Z,
52,kusama,ksm,Kusama,https://assets.coingecko.com/coins/images/9568/large/m4zRhP5e_400x400.jpg?1576190080,191.62,1698868101,53,1891814641.0,258871280,221.99,186.18,-22.403931664458,-10.4678,-227207856.9300928,-11.79641,8980098.074112339,10000000.0,10000000.0,621.71,-69.56394,2021-05-18T05:04:41.858Z,0.8765719999999999,21486.64397,2020-01-14T19:20:20.768Z,2021-06-24T03:32:00.559Z,3170.460657121564
53,the-graph,grt,The Graph,https://assets.coingecko.com/coins/images/13397/large/Graph_Token.png?1608145566,0.590671,1698082250,54,5859692345.0,152516943,0.615794,0.536076,0.04760554,8.76608,128025468.0,8.15419,2897903422.0,10000000000.0,10000000000.0,2.84,-79.33512,2021-02-12T07:28:45.775Z,0.103254,468.68664,2020-12-17T21:28:41.332Z,2021-06-24T03:32:18.418Z,
54,huobi-token,ht,Huobi Token,https://assets.coingecko.com/coins/images/2822/large/huobi-token-logo.png?1547036992,9.82,1671792433,55,4896741209.0,201492465,10.26,9.67,-0.18184591362799998,-1.8174800000000002,-35167989.641156435,-2.06027,170704593.25441208,500000000.0,500000000.0,39.66,-75.30688,2021-05-12T14:42:21.586Z,0.9086200000000001,977.84158,2019-01-30T00:00:00.000Z,2021-06-24T03:31:57.567Z,131.34060776611852
55,bittorrent-2,btt,BitTorrent,https://assets.coingecko.com/coins/images/7595/large/BTT_Token_Graphic.png?1555066995,0.00251642,1644640606,56,,425145815,0.00254834,0.00224706,0.00022874,9.99875,134240164.0,8.88772,659071882049.0,990000000000.0,,0.01356626,-81.6043,2021-04-05T04:09:06.433Z,0.00013814,1706.54211,2020-03-13T02:22:57.629Z,2021-06-24T03:31:27.208Z,719.0258692987289
56,hedera-hashgraph,hbar,Hedera Hashgraph,https://assets.coingecko.com/coins/images/3688/large/mqTDGK7Q.png?1566256777,0.181313,1585523381,57,,68000606,0.188819,0.173767,-0.005934573641,-3.16937,-52721224.562111616,-3.21815,8805029133.0,50000000000.0,,0.44836499999999996,-59.83849,2021-03-15T01:53:34.974Z,0.009861110000000001,1726.06415,2020-01-02T17:30:24.852Z,2021-06-24T03:31:38.862Z,330.49338574517645
57,thorchain,rune,THORChain,https://assets.coingecko.com/coins/images/6595/large/RUNE.png?1614160507,5.43,1467319204,58,2702801406.0,155925834,6.54,5.26,-0.727786673079,-11.81561,-209212634.22062635,-12.47889,271444139.53627056,500000000.0,500000000.0,20.87,-74.09567,2021-05-19T00:30:09.436Z,0.00851264,63400.90819,2019-09-28T00:00:00.000Z,2021-06-24T03:31:39.481Z,1612.4357070574843
58,true-usd,tusd,TrueUSD,https://assets.coingecko.com/coins/images/3449/large/tusd.png?1618395665,1.0,1441414289,59,,84094771,1.01,0.989483,0.00069848,0.06977000000000001,3240790.0,0.22534,1444284737.23,1444284737.23,,1.62,-38.33768,2018-08-26T20:41:09.375Z,0.8835500000000001,12.95487,2020-03-12T10:47:51.380Z,2021-06-24T03:31:52.090Z,0.08439895010844001
59,decred,dcr,Decred,https://assets.coingecko.com/coins/images/329/large/decred.png?1547034093,109.15,1422321821,60,,36937543,113.21,105.66,2.48,2.32391,29419708.0,2.11212,13051815.6404577,21000000.0,,247.35,-56.15967,2021-04-17T00:41:14.790Z,0.43154000000000003,25028.51627,2016-12-26T00:00:00.000Z,2021-06-24T03:31:51.631Z,580.3679849474785
60,huobi-btc,hbtc,Huobi BTC,https://assets.coingecko.com/coins/images/12407/large/Unknown-5.png?1599624896,32629.0,1300348970,61,1300348970.0,7499037,34596.0,32448.0,-759.796286498233,-2.27563,-30996626.294306755,-2.32822,39906.36705999,39906.36705999,39906.36705999,69325.0,-52.9968,2021-05-10T02:33:06.038Z,11209.02,190.70334,2020-10-12T03:56:16.768Z,2021-06-24T03:28:25.708Z,
61,waves,waves,Waves,https://assets.coingecko.com/coins/images/425/large/waves.png?1548386117,12.77,1273537519,63,,175845645,13.71,12.53,-0.201444042306,-1.5533800000000002,-22497731.160578012,-1.73589,100000000.0,100000000.0,,43.01,-70.55506,2021-05-04T06:49:41.528Z,0.130878,9577.2514,2016-08-02T00:00:00.000Z,2021-06-24T03:32:12.309Z,928.8107711000164
62,sushi,sushi,Sushi,https://assets.coingecko.com/coins/images/12271/large/512x512_Logo_no_chop.png?1606986688,6.74,1273189241,62,1678426152.0,253633996,7.48,6.63,-0.638528866095,-8.65264,-127761216.1380086,-9.11961,189640342.48461682,225338744.383395,250000000.0,23.38,-71.25234,2021-03-13T23:44:36.774Z,0.475381,1313.64085,2020-11-04T14:53:53.560Z,2021-06-24T03:31:58.168Z,
63,dash,dash,Dash,https://assets.coingecko.com/coins/images/19/large/dash-logo.png?1548385930,122.77,1248303728,64,,535291232,131.84,120.67,-4.566581137062,-3.58624,-49208376.81857991,-3.79252,10194980.7088352,18920000.0,,1493.59,-91.82202,2017-12-20T00:00:00.000Z,0.21389899999999998,57004.28835,2014-02-14T00:00:00.000Z,2021-06-24T03:31:58.082Z,65.8342224969107
64,chiliz,chz,Chiliz,https://assets.coingecko.com/coins/images/8834/large/Chiliz.png?1561970540,0.233807,1239118337,65,,373312025,0.255705,0.227787,-0.007925523822,-3.27863,-49433402.25436878,-3.83635,5344064580.0,8888888888.0,,0.878633,-73.61152,2021-03-13T08:04:21.200Z,0.00410887,5542.85811,2019-09-28T00:00:00.000Z,2021-06-24T03:31:46.407Z,1561.1292611001493
65,compound-governance-token,comp,Compound,https://assets.coingecko.com/coins/images/10775/large/COMP.png?1592625425,233.14,1234445244,66,2311417270.0,122673036,269.85,229.01,-25.889583003208,-9.99489,-143918213.67645264,-10.44124,5340642.126067849,10000000.0,10000000.0,910.54,-74.6126,2021-05-12T02:29:08.794Z,61.32,276.96652,2020-06-18T12:54:32.788Z,2021-06-24T03:32:23.756Z,-3.489564844092759
66,telcoin,tel,Telcoin,https://assets.coingecko.com/coins/images/1899/large/tel.png?1547036203,0.02252432,1231408610,67,,20924969,0.02510497,0.02205048,-0.001776323755,-7.30978,-85098836.92724562,-6.46398,54869406904.06,100000000000.0,,0.064483,-65.19605,2021-05-11T00:32:24.043Z,6.474000000000001e-05,34567.6394,2020-03-13T02:24:47.992Z,2021-06-24T03:32:12.144Z,8797.22663985353
67,zcash,zec,Zcash,https://assets.coingecko.com/coins/images/486/large/circle-zcash-color.png?1547034197,109.0,1221319209,68,2283541352.0,843996757,117.4,105.86,-6.05047766534,-5.2590900000000005,-71410781.33143234,-5.52403,11231547.5977629,21000000.0,21000000.0,3191.93,-96.60007,2016-10-29T00:00:00.000Z,19.75,449.38369,2020-03-13T02:20:55.002Z,2021-06-24T03:31:54.480Z,87.65319685327252
68,elrond-erd-2,egld,Elrond,https://assets.coingecko.com/coins/images/12335/large/Elrond.png?1599132180,63.07,1114925904,69,,45887970,69.74,61.06,-1.201991540125,-1.87023,-33189907.128463507,-2.89082,17921622.0,20397843.0,,243.92,-74.33891,2021-04-12T02:24:35.343Z,6.51,861.98378,2020-10-07T01:44:53.554Z,2021-06-24T03:31:22.173Z,
69,yearn-finance,yfi,yearn.finance,https://assets.coingecko.com/coins/images/11849/large/yfi-192x192.png?1598325330,29884.0,1072854159,70,1089783452.0,207051257,32229.0,29384.0,-1526.359656906152,-4.85947,-60610953.49712086,-5.3474,36096.410289287385,36666.0,36666.0,90787.0,-67.23997,2021-05-12T00:29:37.713Z,31.65,93885.3956,2020-07-18T12:26:27.150Z,2021-06-24T03:32:13.446Z,
70,helium,hnt,Helium,https://assets.coingecko.com/coins/images/4284/large/Helium_HNT.png?1612620071,12.03,1053354724,71,2684728002.0,22148024,12.45,10.47,-0.285697208775,-2.3203,-21537658.028921008,-2.0037,87494190.552087,223000000.0,223000000.0,22.31,-46.03432,2021-05-28T17:33:24.441Z,0.113248,10530.80641,2020-04-18T00:19:10.902Z,2021-06-24T03:31:48.708Z,2706.803984595798
71,holotoken,hot,Holo,https://assets.coingecko.com/coins/images/3348/large/Holologo_Profile.png?1547037966,0.00579961,1025833484,72,,104078980,0.00620433,0.00566211,-7.149036200000001e-05,-1.21767,-10159575.2777704,-0.9806600000000001,177619433541.141,177619433541.141,,0.03126682,-81.52848,2021-04-05T16:04:52.608Z,0.00022019999999999999,2522.83679,2020-03-13T02:23:01.612Z,2021-06-24T03:31:55.111Z,894.161360285933
72,staked-ether,steth,Lido Staked Ether,https://assets.coingecko.com/coins/images/13442/large/steth_logo.png?1608607546,1903.02,1018610411,73,1018610411.0,4844303,2036.28,1890.45,-101.783164576735,-5.07697,-57896889.89915621,-5.37822,537230.160945616,537230.160945616,537230.160945616,4309.29,-56.00108,2021-05-12T09:57:17.253Z,482.9,292.63958,2020-12-22T04:08:21.854Z,2021-06-24T03:29:48.030Z,
73,havven,snx,Synthetix Network Token,https://assets.coingecko.com/coins/images/3406/large/SNX.png?1598631139,6.45,1008469129,74,1464514887.0,49466496,7.13,6.29,-0.37125567072,-5.44662,-62867889.44520104,-5.86817,157730887.94085136,229059300.715179,229059300.715179,28.53,-77.59168,2021-02-14T01:12:38.505Z,0.034786399999999995,18279.61488,2019-01-06T00:00:00.000Z,2021-06-24T03:32:11.185Z,309.5701627703679
74,nem,xem,NEM,https://assets.coingecko.com/coins/images/242/large/NEM_Logo_256x256.png?1598687029,0.10851799999999999,973566858,75,,97922447,0.11698599999999999,0.10458,0.00364027,3.47097,28862896.0,3.05523,8999999999.0,8999999999.0,,1.87,-94.21952,2018-01-07T00:00:00.000Z,8.482e-05,127245.90797,2015-09-05T00:00:00.000Z,2021-06-24T03:31:44.950Z,138.9026635128198
75,enjincoin,enj,Enjin Coin,https://assets.coingecko.com/coins/images/1102/large/enjin-coin-logo.png?1547035078,0.9940859999999999,928805603,76,994086125.0,148859895,1.09,0.970063,-0.009361766766,-0.9329600000000001,-5942115.218421698,-0.6356900000000001,934331121.3990188,1000000000.0,1000000000.0,3.94,-74.98264,2021-04-09T12:29:27.777Z,0.01865964,5186.18162,2017-11-12T00:00:00.000Z,2021-06-24T03:31:56.803Z,446.9894903591729
76,quant-network,qnt,Quant,https://assets.coingecko.com/coins/images/3370/large/5ZOu7brX_400x400.jpg?1612437252,69.61,895935937,77,1016869572.0,21487183,75.33,59.33,10.12,17.02055,108180223.0,13.73271,12874667.469289193,14612493.0,14612493.0,80.3,-13.33438,2021-06-17T11:50:50.741Z,0.215773,32150.99814,2018-08-23T00:00:00.000Z,2021-06-24T03:32:12.388Z,916.027242121463
77,zilliqa,zil,Zilliqa,https://assets.coingecko.com/coins/images/2687/large/Zilliqa-logo.png?1547036894,0.07316099999999999,884021983,78,,117648670,0.07922499999999999,0.071256,-0.0011480744649999999,-1.54499,-15931794.994955659,-1.7702900000000001,12163581312.12,21000000000.0,,0.255376,-71.54086,2021-05-06T17:33:45.940Z,0.00239616,2933.09364,2020-03-13T02:22:55.161Z,2021-06-24T03:31:54.625Z,277.7274341462499
78,paxos-standard,pax,Paxos Standard,https://assets.coingecko.com/coins/images/6013/large/paxos_standard.png?1548386291,1.0,860189288,79,,49967568,1.01,0.9907189999999999,0.00264902,0.26448000000000005,84767033.0,10.93173,859044332.42,859044332.42,,1.13,-11.20375,2018-10-15T07:09:12.459Z,0.863529,15.95822,2021-05-19T13:14:42.046Z,2021-06-24T03:31:58.833Z,0.271287831346117
79,near,near,Near,https://assets.coingecko.com/coins/images/10365/large/near_icon.png?1601359077,2.08,851494291,80,2073899906.0,53683188,2.4,2.02,-0.219261171383,-9.51706,-91503897.22737563,-9.70351,410576368.017998,1000000000.0,1000000000.0,7.5600000000000005,-72.50305,2021-03-13T17:49:31.011Z,0.526762,294.5037,2020-11-04T16:09:15.137Z,2021-06-24T03:32:11.006Z,
80,nexo,nexo,NEXO,https://assets.coingecko.com/coins/images/3695/large/nexo.png?1548086057,1.44,804927474,81,1437370464.0,7307747,1.56,1.4100000000000001,-0.056254381822,-3.75437,-36102363.16634309,-4.2926400000000005,560000010.0064,1000000000.0,1000000000.0,4.07,-64.66615,2021-05-12T14:37:47.535Z,0.04515276,3083.35005,2018-09-13T00:00:00.000Z,2021-06-24T03:31:37.005Z,637.3706434794325
81,basic-attention-token,bat,Basic Attention Token,https://assets.coingecko.com/coins/images/677/large/basic-attention-token.png?1547034427,0.534655,800426762,82,,82244749,0.5651689999999999,0.52595,0.00254052,0.47744000000000003,3622547.0,0.45463000000000003,1497640549.9673505,1500000000.0,,1.63,-67.44051,2021-04-09T19:03:22.356Z,0.072394,633.715,2017-07-16T00:00:00.000Z,2021-06-24T03:32:21.484Z,107.7317361591143
82,mdex,mdx,Mdex,https://assets.coingecko.com/coins/images/13775/large/mdex.png?1611739676,1.6099999999999999,795088140,83,,56237826,1.79,1.6,-0.074707391039,-4.42826,-39837483.79352963,-4.77138,495116497.18011,452988758.45796,,10.11,-84.10685,2021-02-22T07:08:38.957Z,1.44,11.76229,2021-06-22T14:11:14.744Z,2021-06-24T03:31:35.097Z,
83,liquity-usd,lusd,Liquity USD,https://assets.coingecko.com/coins/images/14666/large/Group_3.png?1617631327,1.02,740008516,84,,5420780,1.03,1.01,0.0016992700000000001,0.16656,119930.0,0.016210000000000002,729618598.322699,729618598.322699,,1.16,-12.43906,2021-04-05T14:47:52.665Z,0.9256519999999999,9.57041,2021-05-21T14:38:31.217Z,2021-06-24T03:32:07.633Z,
84,bitcoin-gold,btg,Bitcoin Gold,https://assets.coingecko.com/coins/images/1043/large/bitcoin-gold-logo.png?1547034978,41.38,724713463,87,,63843650,41.38,35.82,5.37,14.91139,94041916.0,14.91139,17513924.0,21000000.0,,456.25,-91.63231,2017-12-20T00:00:00.000Z,4.25,797.34941,2020-03-13T02:22:52.902Z,2021-06-24T03:31:54.610Z,359.35261125633673
85,zencash,zen,Horizen,https://assets.coingecko.com/coins/images/691/large/horizen.png?1555052241,64.0,718355064,85,,84686913,67.98,59.99,3.86,6.41165,40370060.0,5.95442,11224681.25,21000000.0,,165.92,-61.6813,2021-05-08T06:00:30.087Z,3.26,1847.53251,2019-10-17T00:00:00.000Z,2021-06-24T03:31:16.524Z,807.1800726699772
86,husd,husd,HUSD,https://assets.coingecko.com/coins/images/9567/large/HUSD.jpg?1568889385,0.9794569999999999,689850869,86,,525066417,1.05,0.976015,-0.055604114708,-5.37206,43413687.0,6.71584,705153368.496273,705153368.496273,,1.25,-22.03629,2020-03-13T02:40:09.956Z,0.816264,19.85088,2021-05-19T13:19:21.156Z,2021-06-24T03:29:22.777Z,-2.208816007898234
87,xdce-crowd-sale,xdc,XDC Network,https://assets.coingecko.com/coins/images/2912/large/xdc-logo.png?1589242157,0.054516999999999996,667190888,88,,5682958,0.059158999999999996,0.054133,-0.000820191134,-1.48216,-10037615.532955766,-1.48216,12238141964.0,37599520715.0,,0.144432,-62.25395,2021-04-15T14:54:04.324Z,0.00039532,13690.74957,2019-07-22T00:00:00.000Z,2021-06-24T03:19:04.316Z,1322.6606274004628
88,blockstack,stx,Stacks,https://assets.coingecko.com/coins/images/2069/large/Stacks_logo_full.png?1604112510,0.625069,654887344,89,,13715412,0.657605,0.609761,-0.013431448272,-2.10359,-19310089.842968345,-2.86416,1052561461.68777,1818000000.0,,2.92,-78.68356,2021-04-05T13:34:27.931Z,0.04559639,1264.54748,2020-03-13T02:29:26.415Z,2021-06-24T03:31:35.511Z,317.76706768966426
89,bancor,bnt,Bancor Network Token,https://assets.coingecko.com/coins/images/736/large/bancor.png?1547034477,2.99,654193052,90,654193052.0,68826251,3.21,2.96,-0.121338143136,-3.8952,-14052901.076934218,-2.10295,218555188.112252,218555188.112252,218555188.112252,10.72,-72.20233,2018-01-09T00:00:00.000Z,0.120935,2363.00565,2020-03-13T02:29:21.245Z,2021-06-24T03:31:54.070Z,155.9161980727923
90,decentraland,mana,Decentraland,https://assets.coingecko.com/coins/images/878/large/decentraland-mana.png?1550108745,0.482446,635021227,91,1049758964.0,57869774,0.5121249999999999,0.46954,0.012002230000000001,2.55126,10599922.0,1.6975600000000002,1327372145.9864838,2194290127.32015,2194290127.32015,1.6,-70.18774,2021-05-07T15:54:15.763Z,0.00923681,5053.22821,2017-10-31T00:00:00.000Z,2021-06-24T03:31:57.664Z,999.0239660609623
91,fantom,ftm,Fantom,https://assets.coingecko.com/coins/images/4001/large/Fantom.png?1558015016,0.238136,602014393,92,,89540811,0.264702,0.232435,-0.002366300998,-0.9839,-8731385.900241017,-1.42963,2541152731.01,3175000000.0,,0.948213,-75.01553,2021-05-10T00:15:01.969Z,0.00190227,12353.86076,2020-03-13T02:25:38.280Z,2021-06-24T03:32:23.558Z,3286.308895912777
92,compound-usdt,cusdt,cUSDT,https://assets.coingecko.com/coins/images/11621/large/cUSDT.png?1592113270,0.02108916,601903082,93,,2100351,0.02140951,0.02104099,-0.000279506586,-1.30802,-11828692.872234583,-1.92734,28540868474.2445,28540868474.2445,,0.02342332,-9.9651,2021-05-19T15:22:06.410Z,0.0102836,105.07576,2020-07-04T17:59:08.922Z,2021-06-24T03:14:52.458Z,4.833171122621215
93,pirate-chain,arrr,Pirate Chain,https://assets.coingecko.com/coins/images/6905/large/Pirate_Chain.png?1560913844,3.25,594779612,94,,1333774,3.58,3.21,-0.258989269793,-7.38694,-38691746.3547709,-6.10789,183175086.71078,200000000.0,,16.76,-80.62693,2021-04-23T18:13:27.423Z,0.00797788,40600.72111,2020-11-26T02:10:52.806Z,2021-06-24T03:18:02.632Z,10351.91658370563
94,digibyte,dgb,DigiByte,https://assets.coingecko.com/coins/images/63/large/digibyte.png?1547033717,0.04119386,592908095,95,,28989243,0.04553875,0.04052261,-0.001658144338,-3.86947,-24595320.334248185,-3.9830300000000003,14428079051.7288,21000000000.0,,0.178084,-77.00557,2021-05-01T00:19:01.967Z,3.0990000000000007e-05,132052.10658,2015-01-14T00:00:00.000Z,2021-06-24T03:31:48.915Z,102.60160782073955
95,nano,nano,Nano,https://assets.coingecko.com/coins/images/756/large/nano-coin-logo.png?1547034501,4.43,590740494,96,,29640204,4.89,4.36,-0.193209330571,-4.17606,-27668593.720536947,-4.47416,133248290.0,133248290.0,,33.69,-86.9095,2018-01-02T00:00:00.000Z,0.026178999999999997,16748.13414,2017-07-16T00:00:00.000Z,2021-06-24T03:31:53.171Z,298.11714234423033
96,qtum,qtum,Qtum,https://assets.coingecko.com/coins/images/684/large/qtum.png?1547034438,5.7,589271888,97,,281314240,6.07,5.51,0.141668,2.5497,14187505.0,2.4670300000000003,103508180.0,107822406.0,,100.22,-94.38772,2018-01-06T00:00:00.000Z,0.783142,618.24131,2020-03-13T02:22:57.149Z,2021-06-24T03:32:06.516Z,218.0382068302127
97,harmony,one,Harmony,https://assets.coingecko.com/coins/images/4344/large/Y88JAze.png?1565065793,0.057211,578289380,98,,39586875,0.06332299999999999,0.055601,-0.0016909947699999999,-2.87086,-18947475.35402441,-3.17252,10209827268.7931,,,0.22209199999999998,-74.49687,2021-03-29T08:19:36.363Z,0.00127355,4347.44012,2020-03-13T02:24:14.005Z,2021-06-24T03:31:38.271Z,1070.2610320330916
98,livepeer,lpt,Livepeer,https://assets.coingecko.com/coins/images/7137/large/logo-circle-green.png?1619593365,23.48,560000174,99,560000174.0,75855624,29.05,22.76,-2.355422136256,-9.11534,-50652327.62749457,-8.29479,23791524.4915122,23791524.4915122,23791524.4915122,45.44,-48.20506,2021-05-11T00:24:44.019Z,0.354051,6548.14505,2019-10-26T22:59:09.500Z,2021-06-24T03:31:53.967Z,736.8492219304186
99,ankr,ankr,Ankr,https://assets.coingecko.com/coins/images/4324/large/U85xTl2.png?1608111978,0.076713,532255304,100,,264707311,0.080915,0.059788999999999995,0.01599763,26.34858,108808431.0,25.69589,6996232711.125,10000000000.0,,0.21351299999999998,-64.36875,2021-04-16T19:44:04.474Z,0.00070728,10656.30112,2020-03-13T02:24:03.563Z,2021-06-24T03:31:33.090Z,2422.4935878958036
